Power [dBm],HDOP,VDOP,TDOP,Mlat,Mlong,Mheight,Mx,My,Mz,Slat,Slong,Sheight,Sx,Sy,Sz
-70,0.88,1.79,0.99,56.92719,7.51597,186.61256,2846222.02,2198653.75,5249971.82,0.006279,0.013923,0.9596064,0.502057,0.219032,0.846413
-60,0.88,1.79,0.99,56.92719,7.51597,186.61256,2846222.02,2198653.75,5249971.82,0.006279,0.013923,0.9596064,0.502057,0.219032,0.846413
-50,0.88,1.83,1.01,56.93071,7.55136,186.8119,2846221.66,2198654.25,5249972.04,0.004839,0.006089,0.254708,0.124339,0.070068,0.279606
-40,0.75,1.31,0.68,56.92688,7.49769,184.52256,2846221.29,2198652.78,5249970.09,0.007641,0.009692,0.354337,0.213185,0.220586,0.340372
-30,0.75,1.3,0.67,56.92848,7.46044,183.23352,2846220.87,2198652.08,5249969.05,0.058171,0.05498,0.759481,0.292185,0.603445,0.678
-25,1.1,0.95,0.7,57.11441,7.53687,212.92139,2846229.72,2198649.16,5249958.23,0.402202,0.42155,0.044206,5.183422,5.574664,2.982904
-20,2.18,1,1.13,57.14765,7.94127,180.47557,2846225.19,2198647.12,5249996.83,0.448464,0.56384,0.031063,12.194057,10.533592,13.0287
