Power [dBm],HDOP,VDOP,TDOP,Mlat,Mlong,Mheight,Mx,My,Mz,Slat,Slong,Sheight,Sx,Sy,Sz
-60,0.88,1.83,1.01,56.93071,7.55136,186.8119,2846221.66,2198654.25,5249972.04,0.004839,0.006089,0.254708,0.124339,0.070068,0.279606
-50,0.75,1.31,0.68,56.92688,7.49769,184.52256,2846221.29,2198652.78,5249970.09,0.007641,0.009692,0.354337,0.213185,0.220586,0.340372
-40,0.75,1.3,0.67,56.92848,7.48044,183.23352,2846220.87,2198652.08,5249969.05,0.008171,0.01498,0.759481,0.292185,0.403445,0.678
-30,1.1,0.95,0.7,57.11441,7.53687,212.92139,2846229.72,2198660.16,5249996.83,0.172202,0.45155,0.044206,6.183422,6.574664,2.982904
-25,2.18,1,1.13,56.83765,7.14127,180.47557,2846233.19,2198654.12,5249958.23,0.748464,0.58384,0.031063,21.194057,12.533592,13.0287
